<!-- ================================================================================================\
|
|   To learn how to make your own language parser, please check the following
|   link:
|   https://npp-user-manual.org/docs/function-list/
|
|   Algunas equiv.  \x2F (/)  \x2A (*)  x26 (*)  \x22 (")  \x27 (') \x5C (\)  \x20 (SPACE) 
|	(?x) Permita comentarios en linea y espaciado libre
|"((procedure)|(function))\s+[A-Za-z_][A-Za-z_\d]+\s*(\([^\x29]*\x29)?(?s:.*?ret(?:u|urn))(.+\r\n)?"
|"(static)?((pro(?:cedure|c))|(fun(?:ction|c)))\s+[A-Za-z_][A-Za-z_\d]+\s*(\([^\x29]*\x29)?(?s:.*?ret(?:u|urn))(.+\r\n)?"

			<function                                                        
			mainExpr="(?x)                       # Utilize inline comments (see `RegEx - Pattern Modifiers`)
			((procedure)|(function))             # procedimiento o funcion 
			\s+[A-Za-z_][A-Za-z_\d]+             # ID_VALIDO
			\s*(\([^\x29]*\x29)?                 # Lista de parametros entre parentesis opcional
            ([ ]&&[ ]\w+)?                     
			"                                    
			>                                    
				<functionName>                   
					<nameExpr                    
					expr="(?x)				     # Utilize inline comments (see `RegEx - Pattern Modifiers`)
					(?:(function)|(procedure))   
					\K                           # discard text matched so far
					\s*[A-Za-z_][A-Za-z_\d]+        
					\s*\(                        # start of parameters OJO con los parentesis - parece que no los aceptaba
					(?s:.*?)                     # whatever, until...
					\)                           # end of parameters parenthesis final
                   ([ ]&&[ ]\w+)?
 					" />
				</functionName>
			</function>

(?:(function)|(procedure))\K\s*[A-Za-z_][A-Za-z_\d]+\s*\((?s:.*?)\)(?s:.*?)ret(?:urn|u) Funciona 			
<!== =============================================== [ hmgui ] =================================  -->
<NotepadPlus>
	<functionList>

		<parser
			displayName="Harbour/xBase"
			id         ="xbase_ut"
            commentExpr="(?x)(?s:/\*.*?\*/)|(//.*?$)|(^\s*\*.*?$)|(^NOTE\s*.*?$)## |(&&.*?$)"
		><!-- parser -->                                                                    

			<function                                                        
			mainExpr="(?x)                         # Utilize inline comments (see `RegEx - Pattern Modifiers`)
			(\s*static\s*)?
			((function)|(func)|(procedure)|(proc)) # procedimiento o funcion 
			\s+[A-Za-z_][A-Za-z_\d]+               # ID_VALIDO
			\s*(\([^\x29]*\x29)?                   # Lista de parametros entre parentesis opcional
            ([ ]&&[ ]\w+)?                         
			"                                      
			>                                      
				<functionName>                     
					<nameExpr                      
					expr="(?x)				       # Utilize inline comments (see `RegEx - Pattern Modifiers`)
					(\s*static\s*)?                
					((function)|(func)|(procedure)|(proc))                 # \K   discard text matched so far?
					\s*[A-Za-z_][A-Za-z_\d]+          
					\s*\(                          # start of parameters OJO con los parentesis - parece que no los aceptaba
					(?s:.*?)                       # whatever, until...
					\)                             # end of parameters parenthesis final
                   ([ ]&&[ ]\w+)?
 					" />
				</functionName>
			</function>
		</parser>
	</functionList>
</NotepadPlus>
<!-- =============================================== [ hmgui ] =================================  -->
